${title}, ${price}, ${stock} 
${title}, ${price}, ${stock} 
${title}, ${price}, ${stock} 
${title}, ${price}, ${stock} 
${title}, ${price}, ${stock} 
${title}, ${price}, ${stock} 
${title}, ${price}, ${stock} 
${title}, ${price}, ${stock} 
${title}, ${price}, ${stock} 
${title}, ${price}, ${stock} 
${title}, ${price}, ${stock} 
${title}, ${price}, ${stock} 
${title}, ${price}, ${stock} 
${title}, ${price}, ${stock} 
${title}, ${price}, ${stock} 
${title}, ${price}, ${stock} 
${title}, ${price}, ${stock} 
${title}, ${price}, ${stock} 
${title}, ${price}, ${stock} 
${title}, ${price}, ${stock} 
